Workbook

Sheet Matriz de Trazabilidad
A1: ID RF | B1: Épica | C1: Estado Épica | D1: Actor(es) | E1: Origen (Pantalla) | F1: Descripción del RF | G1: RNF Relacionados | H1: Estatus | I1: Prioridad | J1: Dificultad | K1: Fase | L1: Versión | M1: MoSCoW
A2: RF0001 | B2: Épica 1 - Núcleo y Seguridad | C2: Activa | D2: Investigador; Portal | E2: ONBOARDING SCREEN | F2: El usuario puede navegar a la siguiente pantalla de información en la Pantalla de Bienvenida (Onboarding) deslizando la pantalla hacia la izquierda o haciendo clic en icono de flecha, permitiendo la visualización secuencial de las características clave | G2: RNF0011, RNF0012, RNF0015 | H2: Propuesto | I2: Baja | J2: Baja | K2: 1.0 | L2: 1.0 | M2: Could have
A3: RF0002 | B3: Épica 1 - Núcleo y Seguridad | C3: Activa | D3: Investigador; Portal | E3: LANDING PAGE | F3: El usuario es redirigido a la Pantalla de Registro haciendo clic en el botón de "Registrarse" ubicado en el Header de la Landing Page | G3: RNF0004, RNF0011, RNF0012 | H3: Propuesto | I3: Alta | J3: Baja | K3: 1.0 | L3: 1.0 | M3: Must have
A4: RF0003 | B4: Épica 1 - Núcleo y Seguridad | C4: Activa | D4: Investigador; Portal | E4: LANDING PAGE | F4: El usuario es redirigido a la Pantalla de Inicio de sesión haciendo clic en el botón de "Iniciar Sesión" ubicado en el Header de la Landing Page | G4: RNF0004, RNF0011, RNF0012 | H4: Propuesto | I4: Alta | J4: Baja | K4: 1.0 | L4: 1.0 | M4: Must have
A5: RF0004 | B5: Épica 1 - Núcleo y Seguridad | C5: Activa | D5: Investigador; Portal | E5: LANDING PAGE | F5: El usuario es redirigido a la Pantalla de Inicio de sesión haciendo clic en el botón “Empieza Ya” ubicado al final de la Landing Page | G5: RNF0004, RNF0011, RNF0012 | H5: Propuesto | I5: Moderada | J5: Baja | K5: 1.0 | L5: 1.0 | M5: Should have
A6: RF0005 | B6: Épica 1 - Núcleo y Seguridad | C6: Activa | D6: Investigador; Portal | E6: LANDING PAGE | F6: El usuario es redirigido a la Pantalla de Registro haciendo clic en el enlace hipertexto “¿No tienes cuenta? Regístrate” para completar el formulario de registro | G6: RNF0004, RNF0011, RNF0012 | H6: Propuesto | I6: Alta | J6: Baja | K6: 1.0 | L6: 1.0 | M6: Must have
A7: RF0006 | B7: Épica 1 - Núcleo y Seguridad | C7: Activa | D7: Investigador; Portal | E7: LANDING PAGE | F7: El usuario puede hacer clic en el logo “MEUX Lab” para regresar a la Landing Page desde la Pantalla de Registro/Inicio de Sesión | G7: RNF0004, RNF0011, RNF0012 | H7: Propuesto | I7: Moderada | J7: Baja | K7: 1.0 | L7: 1.0 | M7: Should have
A8: RF0007 | B8: Épica 1 - Núcleo y Seguridad | C8: Activa | D8: Investigador; Portal | E8: SIGN UP SCREEN | F8: El usuario es redirigido a la Pantalla de Inicio de sesión haciendo clic en el enlace hipertexto “¿Ya tienes cuenta? Inicia sesión” para introducir sus credenciales | G8: RNF0004, RNF0011, RNF0012 | H8: Propuesto | I8: Alta | J8: Baja | K8: 1.0 | L8: 1.0 | M8: Must have
A9: RF0008 | B9: Épica 1 - Núcleo y Seguridad | C9: Activa | D9: Investigador; Portal | E9: SIGN UP SCREEN | F9: El usuario completa un formulario en la Pantalla de Registro llenando los campos correspondientes y pulsa el botón de “Registrar” para crear una cuenta | G9: RNF0002, RNF0006, RNF0009, RNF0011, RNF0029 | H9: Propuesto | I9: Alta | J9: Baja | K9: 1.0 | L9: 1.0 | M9: Must have
A10: RF0009 | B10: Épica 1 - Núcleo y Seguridad | C10: Activa | D10: Investigador; Portal | E10: SIGN UP SCREEN | F10: El usuario es redirigido a la Pantalla de Términos y Condiciones haciendo clic en el enlace de hipertexto ubicado al final del formulario de la Pantalla de Registro | G10: RNF0011, RNF0029 | I10: Moderada | J10: Baja | K10: 1.0 | L10: 1.0 | M10: Should have
A11: RF0010 | B11: Épica 1 - Núcleo y Seguridad | C11: Activa | D11: Investigador; Portal | E11: SIGN UP SCREEN | F11: El usuario es redirigido a la Pantalla de Políticas de Privacidad haciendo clic en el enlace de hipertexto ubicado al final del formulario de la Pantalla de Registro | G11: RNF0011, RNF0029 | I11: Moderada | J11: Baja | K11: 1.0 | L11: 1.0 | M11: Should have
A12: RF0011 | B12: Épica 1 - Núcleo y Seguridad | C12: Activa | D12: Investigador; Portal | E12: SIGN UP SCREEN | F12: El usuario debe marcar la casilla de aceptación para los Términos y Condiciones y la Política de Privacidad en el formulario de la Pantalla de Registro para crear una cuenta | G12: RNF0009, RNF0011, RNF0029 | I12: Alta | J12: Baja | K12: 1.0 | L12: 1.0 | M12: Must have
A13: RF0012 | B13: Épica 1 - Núcleo y Seguridad | C13: Activa | D13: Investigador; Portal | E13: LOGIN SCREEN | F13: El usuario introduce sus credenciales en la Pantalla de Inicio de Sesión llenando los campos correspondientes y pulsa el botón de “Iniciar Sesión” para ingresar | G13: RNF0002, RNF0006, RNF0007, RNF0009 | H13: Propuesto | I13: Alta | J13: Baja | K13: 1.0 | L13: 1.0 | M13: Must have
A14: RF0013 | B14: Épica 1 - Núcleo y Seguridad | C14: Activa | D14: Investigador; Portal | E14: LOGIN SCREEN | F14: El usuario puede pulsar el botón “Inicio de sesión con Google” para ingresar mediante cuentas de Google | G14: RNF0002, RNF0006, RNF0009 | H14: Propuesto | I14: Alta | J14: Moderada | K14: 1.0 | L14: 1.0 | M14: Must have
A15: RF0014 | B15: Épica 1 - Núcleo y Seguridad | C15: Activa | D15: Investigador; Portal | E15: LOGIN SCREEN | F15: El usuario puede alternar la visibilidad de la contraseña haciendo clic en el ícono de Ojo dentro del campo de entrada de contraseña | G15: RNF0003, RNF0011, RNF0013, RNF0015 | H15: Propuesto | I15: Alta | J15: Baja | K15: 1.0 | L15: 1.0 | M15: Must have
A16: RF0015 | B16: Épica 1 - Núcleo y Seguridad | C16: Activa | D16: Investigador; Portal | E16: LOGIN SCREEN | F16: El usuario puede iniciar el proceso de recuperación de contraseña haciendo clic en el enlace hipertexto “¿Olvidaste la contraseña?” | G16: RNF0004, RNF0011, RNF0013 | H16: Propuesto | I16: Alta | J16: Baja | K16: 1.0 | L16: 1.0 | M16: Must have
A17: RF0016 | B17: Épica 1 - Núcleo y Seguridad | C17: Activa | D17: Investigador; Portal | E17: PASSWORD RECOVERY SCREEN | F17: El usuario puede solicitar el envío del enlace de recuperación al ingresar su correo electrónico y pulsar el botón "Enviar" | G17: RNF0002, RNF0005, RNF0013 | H17: Propuesto | I17: Alta | J17: Moderada | K17: 1.0 | L17: 1.0 | M17: Must have
A18: RF0017 | B18: Épica 1 - Núcleo y Seguridad | C18: Activa | D18: Investigador; Portal | E18: PASSWORD RECOVERY SCREEN | F18: El usuario puede establecer una nueva contraseña al completar el formulario y pulsar el botón "Guardar" mediante el enlace enviado a su correo electrónico | G18: RNF0002, RNF0006, RNF0009 | H18: Propuesto | I18: Alta | J18: Moderada | K18: 1.0 | L18: 1.0 | M18: Must have
A19: RF0088 | B19: Épica 1 - Núcleo y Seguridad | C19: Activa | D19: Investigador; Portal | E19: PROFILE SCREEN | F19: El usuario puede acceder a la configuración de su identidad y datos personales haciendo clic en la pestaña (tab) "Perfil" | G19: RNF0003, RNF0011, RNF0012, RNF0015 | H19: Propuesto | I19: Alta | J19: Baja | K19: 1.0 | L19: 1.0 | M19: Must have
A20: RF0089 | B20: Épica 1 - Núcleo y Seguridad | C20: Activa | D20: Investigador; Portal | E20: PROFILE SCREEN | F20: El usuario puede hacer clic en el botón “Subir” de la pestaña Perfil de los Ajustes para cargar una imagen de su computadora y usarla como foto de perfil | G20: RNF0003, RNF0011, RNF0012, RNF0015, RNF0018 | H20: Propuesto | I20: Baja | J20: Moderada | K20: 1.0 | L20: 1.0 | M20: Could have
A21: RF0090 | B21: Épica 1 - Núcleo y Seguridad | C21: Activa | D21: Investigador; Portal | E21: PROFILE SCREEN | F21: El usuario puede hacer clic en el botón “Quitar” de la pestaña Perfil de los Ajustes para eliminar su foto de perfil actual | G21: RNF0003, RNF0011, RNF0013, RNF0015 | H21: Propuesto | I21: Baja | J21: Baja | K21: 1.0 | L21: 1.0 | M21: Could have
A22: RF0091 | B22: Épica 1 - Núcleo y Seguridad | C22: Activa | D22: Investigador; Portal | E22: PROFILE SCREEN | F22: El usuario puede editar su nombre haciendo clic en el campo correspondiente de la pestaña Perfil de los Ajustes | G22: RNF0003, RNF0011, RNF0013, RNF0015 | H22: Propuesto | I22: Baja | J22: Baja | K22: 1.0 | L22: 1.0 | M22: Could have
A23: RF0092 | B23: Épica 1 - Núcleo y Seguridad | C23: Activa | D23: Investigador; Portal | E23: PROFILE SCREEN | F23: El usuario puede editar su Organización/Institución haciendo clic en el campo correspondiente de la pestaña Perfil de los Ajustes | G23: RNF0003, RNF0011, RNF0013, RNF0015 | H23: Propuesto | I23: Baja | J23: Baja | K23: 1.0 | L23: 1.0 | M23: Could have
A24: RF0093 | B24: Épica 1 - Núcleo y Seguridad | C24: Activa | D24: Investigador; Portal | E24: PROFILE SCREEN | F24: El usuario puede editar su Sector haciendo clic en el campo correspondiente de la pestaña Perfil de los Ajustes | G24: RNF0003, RNF0011, RNF0013, RNF0015 | H24: Propuesto | I24: Baja | J24: Baja | K24: 1.0 | L24: 1.0 | M24: Could have
... A200: RF0166 | B200: Épica 9 - Soporte, Ayuda y Onboarding | C200: Activa | D200: Investigador | E200: TUTORIAL SCREEN | F200: El usuario puede finalizar el la Guía Interactiva haciendo clic en el botón "Finalizar Recorrido" y comenzar a usar la aplicación | G200: RNF0002, RNF0011, RNF0013, RNF0015 | H200: Propuesto | I200: Alta | J200: Moderada | K200: 1.0 | L200: 1.0 | M200: Must have

Sheet Resumen por Épica
A1: Épica | B1: Estado | C1: Total RF | D1: Alta Prioridad | E1: Moderada Prioridad | F1: Baja Prioridad | H1: Distribución MoSCoW (Backlog Completo)
A2: Épica 1 - Núcleo y Seguridad | B2: Activa | C2: =COUNTIF('Matriz de Trazabilidad'!$B$2:$B$200,$A2) -> 51 | D2: =COUNTIFS('Matriz de Trazabilidad'!$B$2:$B$200,$A2,'Matriz de Trazabilidad'!$I$2:$I$200,"Alta") -> 26 | E2: =COUNTIFS('Matriz de Trazabilidad'!$B$2:$B$200,$A2,'Matriz de Trazabilidad'!$I$2:$I$200,"Moderada") -> 16 | F2: =COUNTIFS('Matriz de Trazabilidad'!$B$2:$B$200,$A2,'Matriz de Trazabilidad'!$I$2:$I$200,"Baja") -> 9 | H2: Must have | I2: =COUNTIF('Matriz de Trazabilidad'!$M$2:$M$200,$H2) -> 123
A3: Épica 2 - Gestión de Proyectos y Ciclo de Vida | B3: Activa | C3: =COUNTIF('Matriz de Trazabilidad'!$B$2:$B$200,$A3) -> 55 | D3: =COUNTIFS('Matriz de Trazabilidad'!$B$2:$B$200,$A3,'Matriz de Trazabilidad'!$I$2:$I$200,"Alta") -> 40 | E3: =COUNTIFS('Matriz de Trazabilidad'!$B$2:$B$200,$A3,'Matriz de Trazabilidad'!$I$2:$I$200,"Moderada") -> 11 | F3: =COUNTIFS('Matriz de Trazabilidad'!$B$2:$B$200,$A3,'Matriz de Trazabilidad'!$I$2:$I$200,"Baja") -> 4 | H3: Should have | I3: =COUNTIF('Matriz de Trazabilidad'!$M$2:$M$200,$H3) -> 39
A4: Épica 3 - Orquestador y Contrato de Módulos (Factory) | B4: Activa | C4: =COUNTIF('Matriz de Trazabilidad'!$B$2:$B$200,$A4) -> 8 | D4: =COUNTIFS('Matriz de Trazabilidad'!$B$2:$B$200,$A4,'Matriz de Trazabilidad'!$I$2:$I$200,"Alta") -> 7 | E4: =COUNTIFS('Matriz de Trazabilidad'!$B$2:$B$200,$A4,'Matriz de Trazabilidad'!$I$2:$I$200,"Moderada") -> 1 | F4: =COUNTIFS('Matriz de Trazabilidad'!$B$2:$B$200,$A4,'Matriz de Trazabilidad'!$I$2:$I$200,"Baja") -> 0 | H4: Could have | I4: =COUNTIF('Matriz de Trazabilidad'!$M$2:$M$200,$H4) -> 15
A5: Épica 4 - Entorno de Participante y Accesibilidad | B5: Activa | C5: =COUNTIF('Matriz de Trazabilidad'!$B$2:$B$200,$A5) -> 25 | D5: =COUNTIFS('Matriz de Trazabilidad'!$B$2:$B$200,$A5,'Matriz de Trazabilidad'!$I$2:$I$200,"Alta") -> 25 | E5: =COUNTIFS('Matriz de Trazabilidad'!$B$2:$B$200,$A5,'Matriz de Trazabilidad'!$I$2:$I$200,"Moderada") -> 0 | F5: =COUNTIFS('Matriz de Trazabilidad'!$B$2:$B$200,$A5,'Matriz de Trazabilidad'!$I$2:$I$200,"Baja") -> 0 | H5: Won't have | I5: =COUNTIF('Matriz de Trazabilidad'!$M$2:$M$200,$H5) -> 22
A6: Épica 5 - Motor de Telemetría | B6: Activa | C6: =COUNTIF('Matriz de Trazabilidad'!$B$2:$B$200,$A6) -> 6 | D6: =COUNTIFS('Matriz de Trazabilidad'!$B$2:$B$200,$A6,'Matriz de Trazabilidad'!$I$2:$I$200,"Alta") -> 5 | E6: =COUNTIFS('Matriz de Trazabilidad'!$B$2:$B$200,$A6,'Matriz de Trazabilidad'!$I$2:$I$200,"Moderada") -> 1 | F6: =COUNTIFS('Matriz de Trazabilidad'!$B$2:$B$200,$A6,'Matriz de Trazabilidad'!$I$2:$I$200,"Baja") -> 0 | H6: TOTAL | I6: =SUM(I2:I5) -> 199
A7: Épica 6 - Módulos Específicos | B7: Congelada | C7: =COUNTIF('Matriz de Trazabilidad'!$B$2:$B$200,$A7) -> 0 | D7: =COUNTIFS('Matriz de Trazabilidad'!$B$2:$B$200,$A7,'Matriz de Trazabilidad'!$I$2:$I$200,"Alta") -> 0 | E7: =COUNTIFS('Matriz de Trazabilidad'!$B$2:$B$200,$A7,'Matriz de Trazabilidad'!$I$2:$I$200,"Moderada") -> 0 | F7: =COUNTIFS('Matriz de Trazabilidad'!$B$2:$B$200,$A7,'Matriz de Trazabilidad'!$I$2:$I$200,"Baja") -> 0
A8: Épica 7 - Métricas, Reportes e Inteligencia de Datos | B8: Congelada | C8: =COUNTIF('Matriz de Trazabilidad'!$B$2:$B$200,$A8) -> 0 | D8: =COUNTIFS('Matriz de Trazabilidad'!$B$2:$B$200,$A8,'Matriz de Trazabilidad'!$I$2:$I$200,"Alta") -> 0 | E8: =COUNTIFS('Matriz de Trazabilidad'!$B$2:$B$200,$A8,'Matriz de Trazabilidad'!$I$2:$I$200,"Moderada") -> 0 | F8: =COUNTIFS('Matriz de Trazabilidad'!$B$2:$B$200,$A8,'Matriz de Trazabilidad'!$I$2:$I$200,"Baja") -> 0
A9: Épica 8 - Monetización y Suscripciones | B9: Congelada | C9: =COUNTIF('Matriz de Trazabilidad'!$B$2:$B$200,$A9) -> 22 | D9: =COUNTIFS('Matriz de Trazabilidad'!$B$2:$B$200,$A9,'Matriz de Trazabilidad'!$I$2:$I$200,"Alta") -> 20 | E9: =COUNTIFS('Matriz de Trazabilidad'!$B$2:$B$200,$A9,'Matriz de Trazabilidad'!$I$2:$I$200,"Moderada") -> 2 | F9: =COUNTIFS('Matriz de Trazabilidad'!$B$2:$B$200,$A9,'Matriz de Trazabilidad'!$I$2:$I$200,"Baja") -> 0
A10: Épica 9 - Soporte, Ayuda y Onboarding | B10: Activa | C10: =COUNTIF('Matriz de Trazabilidad'!$B$2:$B$200,$A10) -> 32 | D10: =COUNTIFS('Matriz de Trazabilidad'!$B$2:$B$200,$A10,'Matriz de Trazabilidad'!$I$2:$I$200,"Alta") -> 18 | E10: =COUNTIFS('Matriz de Trazabilidad'!$B$2:$B$200,$A10,'Matriz de Trazabilidad'!$I$2:$I$200,"Moderada") -> 12 | F10: =COUNTIFS('Matriz de Trazabilidad'!$B$2:$B$200,$A10,'Matriz de Trazabilidad'!$I$2:$I$200,"Baja") -> 2
A11: TOTAL | C11: =SUM(C2:C10) -> 199 | D11: =SUM(D2:D10) -> 141 | E11: =SUM(E2:E10) -> 43 | F11: =SUM(F2:F10) -> 15

Sheet Cobertura RNF
A1: ID RNF | B1: Nombre / Resumen | C1: Prioridad | D1: Estatus | E1: # RF Asociados | F1: RF que lo referencian
A2: RNF0001 | B2: La carga inicial completa (renderización y listado de datos) de las vistas principales (Dashboard, Ajustes, Proyectos) debe ser completada en: Menos de 3 segundos para el 90% de las solicitudes | C2: Alta | D2: Propuesto | E2: 44 | F2: RF0120, RF0121, RF0122, RF0126, RF0127, RF0020, RF0021, RF0041, RF0042, RF0043, RF0044, RF0045, RF0046, RF0047, RF0048, RF0052, RF0056, RF0058, RF0077, RF0082, RF0083, RF0084, RF0086, RF00191, RF0128, RF0129, RF0130, RF0131, RF0132, RF0133, RF0134, RF0135, RF0136, RF0137, RF0138, RF0139, RF0140, RF0145, RF0146, RF0147, RF0148, RF0149, RF0152, RF0153
A3: RNF0002 | B3: El tiempo de procesamiento de todas las transacciones de escritura (Registro, Login, Creación de Proyecto, Confirmación de Eliminación) debe ser retornado al usuario en: Menos de 2 segundos desde la interacción | C3: Alta | D3: Propuesto | E3: 36 | F3: RF0008, RF0012, RF0013, RF0016, RF0017, RF0096, RF0101, RF0108, RF0123, RF0124, RF0125, RF0036, RF0078, RF0079, RF0080, RF0081, RF0084, RF0087, RF00186, RF00188, RF0115, RF0170, RF0178, RF0179, RF0180, RF0059, RF0069, RF0071, RF0144, RF0150, RF0151, RF0154, RF0155, RF0157, RF0161, RF0166
A4: RNF0003 | B4: Los elementos dinámicos de la interfaz (despliegue de Modales, Menús Contextuales, Tooltips o Pop-ups de confirmación) deben ser mostrados y responder a las interacciones del usuario en: Menos de 200 milisegundos | C4: Alta | D4: Propuesto | E4: 148 | F4: RF0014, RF0088, RF0089, RF0090, RF0091, RF0092, RF0093, RF0094, RF0095, RF0096, RF0097, RF0098, RF0099, RF0100, RF0101, RF0102, RF0103, RF0104, RF0105, RF0106, RF0107, RF0108, RF0109, RF0116, RF0117, RF0118, RF00119, RF0120, RF0121, RF0122, RF0123, RF0124, RF0125, RF0126, RF0127, RF0019, RF0020, RF0021, RF0022, RF0023, RF0024, RF0025, RF0026, RF0027, RF0028, RF0029, RF0030, RF0031, RF0032, RF0033, RF0034, RF0035, RF0037, RF0038, RF0039, RF0040, RF0041, RF0042, RF0043, RF0044, RF0045, RF0046, RF0047, RF0048, RF0049, RF0050, RF0051, RF0052, RF0053, RF0054, RF0055, RF0056, RF0057, RF0058, RF0074, RF0075, RF0076, RF0077, RF0078, RF0079, RF0080, RF0081, RF0082, RF0083, RF0084, RF0085, RF0086, RF0087, RF0113, RF0115, RF0167, RF0168, RF0169, RF0171, RF0172, RF0173, RF0174, RF0175, RF0176, RF0177, RF0181, RF0182, RF0183, RF0184, RF0185, RF00195, RF00197, RF0059, RF0060, RF0061, RF0062, RF0063, RF0070, RF0072, RF0073, RF0128, RF0129, RF0130, RF0131, RF0132, RF0133, RF0134, RF0136, RF0137, RF0138, RF0139, RF0140, RF0141, RF0143, RF0144, RF0145, RF0146, RF0147, RF0148, RF0149, RF0150, RF0151, RF0152, RF0153, RF0154, RF0155, RF0156, RF0158, RF0159, RF0162, RF0163, RF0164, RF0165
A5: RNF0004 | B5: El tiempo transcurrido desde que se hace clic en un enlace de navegación hasta que la nueva página comienza a cargarse debe ser de: Menos de 1 segundo | C5: Moderada | D5: Propuesto | E5: 19 | F5: RF0002, RF0003, RF0004, RF0005, RF0006, RF0007, RF0015, RF0018, RF0167, RF0168, RF0169, RF0172, RF0177, RF0062, RF0071, RF0072, RF0073, RF0142, RF0143
A6: RNF0005 | B6: Las solicitudes a procesos secundarios (ej. reenvío de correos, generación de reportes ligeros) deben ser procesadas y el feedback mostrado al usuario en: Menos de 5 segundos | C6: Moderada | D6: Propuesto | E6: 1 | F6: RF0016
A7: RNF0006 | B7: Todas las contraseñas de usuario deben ser almacenadas y procesadas utilizando métodos criptográficos seguros: Utilizar un algoritmo de hashing unidireccional (ej. bcrypt o Argon2) con un factor de salting único y aleatorio | C7: Alta | D7: Propuesto | E7: 7 | F7: RF0008, RF0012, RF0013, RF0017, RF0064, RF0067, RF0069
A8: RNF0007 | B8: El sistema debe monitorear y restringir los intentos fallidos de inicio de sesión: Bloquear temporalmente la cuenta o la dirección IP por 30 minutos después de 5 intentos fallidos de contraseña | C8: Alta | D8: Propuesto | E8: 1 | F8: RF0012
A9: RNF0008 | B9: El sistema debe invalidar inmediatamente todas las sesiones activas, excepto la actual, al confirmarse la acción de "Cerrar Sesión en Todos los Dispositivos": Invalidación en tiempo real de los tokens de sesión remota al ejecutar el RF de cierre de sesión remota | C9: Moderada | D9: Propuesto | E9: 2 | F9: RF0036, RF0170
A10: RNF0009 | B10: Toda la comunicación de datos entre el navegador del usuario y el servidor (incluyendo login, formularios y solicitudes a API) debe ser cifrada: Utilizar el protocolo HTTPS/TLS 1.2 o superior de extremo a extremo | C10: Alta | D10: Propuesto | E10: 23 | F10: RF0008, RF0011, RF0012, RF0013, RF0017, RF0036, RF0075, RF00190, RF0170, RF00193, RF00195, RF00196, RF00197, RF0061, RF0063, RF0064, RF0065, RF0066, RF0067, RF0068, RF0069, RF0157, RF0161
A11: RNF0010 | B11: Al confirmar la "Eliminación Permanente de Cuenta" o "Eliminación Definitiva de Proyectos", los datos asociados deben ser marcados para borrado y retirados del almacenamiento: Eliminación lógica e irreversible de todos los datos personales y de proyecto en un plazo máximo de 72 horas | C11: Alta | D11: Propuesto | E11: 3 | F11: RF0075, RF0180, RF0069
A12: RNF0011 | B12: Todos los elementos de la interfaz (header, footer, botones, formularios, paleta de colores y tipografía) deben ser uniformes y coherentes en todas las vistas, desde la Landing Page hasta las pantallas internas de la aplicación. Cumplir al 100% con la guía de estilo y el branding definidos en el Design System | C12: Alta | D12: Propuesto | E12: 159 | F12: RF0001, RF0002, RF0003, RF0004, RF0005, RF0006, RF0007, RF0008, RF0009, RF0010, RF0011, RF0014, RF0015, RF0088, RF0089, RF0090, RF0091, RF0092, RF0093, RF0094, RF0095, RF0096, RF0097, RF0098, RF0099, RF0100, RF0101, RF0102, RF0103, RF0104, RF0105, RF0106, RF0107, RF0108, RF0109, RF0116, RF0117, RF0118, RF00119, RF0120, RF0121, RF0122, RF0123, RF0124, RF0125, RF0126, RF0127, RF0018, RF0019, RF0020, RF0021, RF0022, RF0023, RF0024, RF0025, RF0026, RF0027, RF0028, RF0029, RF0030, RF0031, RF0032, RF0033, RF0034, RF0035, RF0036, RF0037, RF0038, RF0039, RF0040, RF0041, RF0042, RF0043, RF0044, RF0045, RF0046, RF0047, RF0048, RF0049, RF0050, RF0051, RF0052, RF0053, RF0054, RF0055, RF0056, RF0057, RF0058, RF0074, RF0075, RF0076, RF0077, RF0078, RF0079, RF0080, RF0081, RF0082, RF0083, RF0084, RF0085, RF0086, RF0087, RF0110, RF0111, RF0112, RF0113, RF0114, RF0115, RF0175, RF0176, RF0185, RF0059, RF0060, RF0061, RF0063, RF0064, RF0065, RF0066, RF0067, RF0068, RF0070, RF0071, RF0072, RF0073, RF0128, RF0129, RF0130, RF0131, RF0132, RF0133, RF0134, RF0135, RF0136, RF0137, RF0138, RF0139, RF0140, RF0141, RF0142, RF0143, RF0144, RF0145, RF0146, RF0147, RF0148, RF0149, RF0150, RF0151, RF0152, RF0153, RF0154, RF0155, RF0158, RF0159, RF0160, RF0163, RF0164, RF0165, RF0166
A13: RNF0012 | B13: El diseño de la aplicación debe ajustarse dinámicamente para mantener la funcionalidad, legibilidad y estética: Funcionalidad y usabilidad completas en resoluciones desde 320px (móvil) hasta 1920px (escritorio), sin necesidad de scroll horizontal | C13: Alta | D13: Propuesto | E13: 43 | F13: RF0001, RF0002, RF0003, RF0004, RF0005, RF0006, RF0007, RF0088, RF0089, RF0095, RF0097, RF0098, RF0099, RF0100, RF0102, RF0103, RF0104, RF0105, RF0106, RF0107, RF0116, RF0117, RF0118, RF00119, RF0018, RF0019, RF0031, RF0032, RF0033, RF0034, RF0035, RF0037, RF0038, RF0039, RF0040, RF0041, RF0057, RF0058, RF0110, RF0111, RF0112, RF0113, RF0114
... A30: RNF0029 | B30: El sistema debe incluir enlaces visibles y accesibles a la Política de Privacidad y los Términos y Condiciones, los cuales deben ser aceptados durante el flujo de registro | C30: Moderada | D30: Propuesto | E30: 4 | F30: RF0008, RF0009, RF0010, RF0011
